house_id,predicted_price
2591820310,373365
7974200820,979328
7701450110,1086058
9522300010,1971698
9510861140,682731
1761300310,248414
7732410120,746268
7010701383,632236
291310170,414074
4232901990,525706
6840701125,653067
3971700580,413809
4202400078,255501
6064800090,366319
2626119028,278401
3303980660,923837
862000020,854756
2386000070,929898
1138000450,378638
1775800420,440830
2291401425,449783
2025770560,917514
3525069037,698174
9324800450,580506
8080400136,550315
8651540040,521592
9407001790,247210
1773101530,256594
9432900250,320291
1794500695,569356
2220069003,329161
923000120,511086
5728000060,527891
16000200,227736
1926059094,432208
6672900220,1104424
3629860060,829525
1822069109,410163
6675500105,373879
249000180,1816539
226059065,546005
396100110,265581
9264450460,366299
7853361210,419572
9474700020,322591
421000455,256280
3755200220,441576
7960100075,510107
9477100490,427292
9138100350,850856
1624049275,553657
2770606890,581679
1157200189,405565
2770601800,551810
9301300805,560633
2325069032,1075579
1021079099,380491
7215730040,710586
1853200080,462931
3224600340,692685
3222049120,464622
2113700025,303618
7893207925,237993
3586501085,688750
8024200010,434066
7116500705,176398
1598600209,354028
7204200025,951317
4206901505,589843
2937300440,953580
7205000180,340734
8718500665,381281
5318101765,808382
4122700020,983227
8078700020,464787
3303980680,831831
8924100372,1220691
2781270210,208125
519000043,560792
3225069301,1196570
151000075,698211
2297400020,448820
6617500085,673779
104510180,238479
3528900060,942428
3345100286,700218
1226039130,410212
8712100720,818276
3037200010,434004
3626039268,466923
104510230,234318
5112800060,455674
6072400280,608433
5317100570,1065658
9528102993,601265
2919201095,516476
6181400920,272868
185000161,253113
8691400010,749071
3345700165,508291
6151800486,237529
4340000080,1139158
4136960010,482198
3634100030,319630
1624059224,1059488
2788400090,275475
9828200762,466290
7524400250,483847
3528000290,703405
5700003630,2042087
2720069019,299313
7227501170,236291
2397101270,598894
6792100090,720823
2770602265,558562
3971700937,320937
422049203,241419
3076500830,310357
1423400260,304633
9161100795,461400
3126049052,551307
5100401468,477350
514500235,426202
1423200170,208154
1402100070,406828
624110020,821590
2407000145,223779
1890000225,880009
1320069271,311435
5490700085,383085
263000155,486836
3726800201,468596
5153200358,328806
2725079018,799699
7165700200,297279
9429000170,608020
8718500075,349792
1760650950,338495
1068000559,1219391
4113800500,681307
4077800507,526490
2725069150,708701
4008400035,699168
7016310270,490663
1432701230,242736
3278606050,372245
2473350710,360386
2185000685,220126
7792000025,448741
6868200029,611485
624069003,818566
7431500280,876760
3296000040,545496
1118001215,1783669
6453900040,706040
333100209,711480
34001765,638710
8946700100,351302
5561401210,615463
6671900095,339468
3275850020,714773
3876300600,425105
1450900020,253612
8562780280,336625
7663700973,342822
2126049032,380547
1823059159,236823
3438503426,300409
9297301495,561227
7140700850,368282
7942601805,715578
2555900030,365544
2887970040,273615
7419700010,681811
2239000011,402661
9283800050,337520
9407001340,251555
217500140,567963
7212660520,250881
3298201170,360720
3057000400,290923
6865200444,470235
6071600340,561433
6821600005,703203
1235100371,1052966
7796450340,360474
3603000410,175858
9297300255,554359
9126100850,673413
2770601462,556296
2599001500,212652
1102000095,721248
1853080640,916574
9551201585,884994
3438500796,305909
7518504291,521916
9269200340,440343
715010130,1675935
1982201485,717677
9526500080,355810
9277200180,503728
6669150280,316111
8917100153,646302
3760500516,1331753
2725069050,937090
3332000091,368881
8562770080,616885
8151601190,359976
8563040160,651676
240000269,602889
4307350200,327936
1311910300,275186
3574900030,530363
7853230570,466222
320069049,371817
9839301060,679038
7011201333,517156
2781320100,296352
3421069120,489636
7852030320,526404
5316101075,2554135
5309100750,589750
629000730,713618
511700170,283777
1562100030,543392
2489200230,548818
524069116,544450
5315100737,1023793
1868900675,829376
1608000120,356155
705700240,364740
7575600610,265751
1778500015,685389
5423500240,205490
6713700025,329016
2734100734,305974
301402280,195754
2113700205,283591
4114601570,2437987
3332000615,381855
3630050180,356795
6852700520,545833
6870310010,687104
6163900981,317558
393000142,365719
1771100130,326343
1442860160,390650
9191200435,544531
6788200800,1019542
1115300070,733143
3176600105,754049
2770604665,598723
5469500580,380150
5680000545,527204
3424089119,695489
1328300180,330398
1773100922,324055
4123830480,323738
9808610190,911314
4250200140,286839
4217402115,2668237
3831250350,329753
2397101055,728092
6817850110,835560
7526800200,642555
7853370100,612374
2523089025,863416
9476200680,253810
5714200140,392308
3575304895,559705
263000018,417308
8080400177,571019
6450304130,359214
514500090,604729
9477000300,459088
853600310,1507539
1951600240,192464
1099900120,380490
5323100120,578616
1223089016,485438
522059172,244283
1930300190,718211
9542840410,306761
8665050530,511034
5592900205,376079
5450300010,643711
2459960030,349890
3331500455,415479
3432500705,486137
3702900165,350738
5249803550,470843
626049058,481716
1788900380,184190
8075400360,225601
9113200250,757323
2738640040,744717
7821200307,464145
3530440140,227949
3582700130,435838
9276200569,831172
7197800020,607553
686200490,523416
3501600100,393626
6383000690,644343
7604400150,357446
5249801411,752813
2607720420,462852
9561100010,416736
1796370590,262613
4077800593,407669
854000165,246613
5536100010,799229
4188000670,812377
31000165,1091369
662350050,836139
4137000280,263935
6169901130,964729
1953400510,241327
7518506716,942289
1552520010,375367
7955080270,326459
9212900100,578191
3438500798,289674
7899800890,211125
4319200605,445931
1329300480,521581
8935100100,956561
5016001260,406316
4337600280,272648
1446401220,194549
7135521530,534625
6888900115,335104
2413301070,292080
345700040,283396
5566100145,443104
7634800070,384843
9346910500,672640
3529300060,303920
8128600060,1241149
8572900275,205188
4139420590,1290192
9274200322,579174
1472700200,572956
8820903380,675621
8563010130,830549
8965450110,899868
9274204230,537394
8165501700,341763
2193340260,529145
1860600290,959839
1222000055,222173
2492200280,496988
2488200455,401920
809001520,1389923
1796361140,246096
6398000011,605992
6813600365,548832
7504100920,789928
8835770330,593866
524059322,823497
4307330280,433530
1245002952,935797
2021069059,257761
5700000595,760786
3629970930,733035
3336002215,269554
5100401060,678575
3278600750,318313
1126069045,1423036
7568700175,328618
452001475,474988
9283800230,476921
1737300130,558012
6189600040,519746
3679400025,490882
1096100010,321157
9513900050,239169
5452800645,821182
273800100,242059
7228500037,456051
808300090,557194
2493200215,580722
5035300255,808860
3380900160,408265
3630000130,421066
7300400670,291850
6798100070,367350
8078400010,567388
5566100060,492661
2768200212,523526
4035900060,561539
9460000110,449110
7199320190,612919
2225039081,515400
9512200050,551961
2634500085,326835
3654800200,263328
2724079090,1031739
2597520720,841710
3034200426,407146
984000130,285590
7852020670,415576
7923500060,710186
2310030510,271391
2205500540,486633
2493200015,445763
7853361420,609788
5652600605,632475
5285200020,296505
9406530150,361482
5706300020,494441
3278602490,392459
7197000100,551322
4447300008,596555
7899800045,237511
9250900095,350663
9268851740,657365
8682261440,487821
7284900385,659679
8079040300,404437
2225300585,394825
3223039013,489746
2013801350,265991
4055701110,834542
3578401770,444463
4046500720,538430
6145601745,327025
5207200195,782536
1972201856,542171
7212680080,261038
7277100510,539056
522079022,541254
5605000440,865213
6632300230,371394
8815400165,694696
6708200320,632380
2426059076,595892
3260200200,563933
2770601741,509554
4338800500,245551
9201000320,742844
7655900038,351709
3625059140,530862
4222310010,211559
2114700115,375212
3291800710,354703
9406590010,348910
3025059124,1719006
7972601250,496023
930000470,747218
6690500060,515677
16000015,201391
5693501102,546785
8079040490,464124
7225000155,387793
8819900170,732419
7972601270,336579
1224069074,789367
5126900321,387558
3438501860,303693
2822069080,416156
1656600310,532743
3856900507,1028640
1626069139,535230
2524049257,1445037
3904960150,555704
7214820610,516250
7977201845,666768
2428100080,855847
2202500135,460956
1523550220,729364
2313900610,476169
4123840050,390347
2125059124,982461
1225039067,498055
6431500283,450493
2473380010,307555
5694501195,388687
2881700046,376390
6837820330,325730
2337300370,190885
3876540630,226902
626059317,338316
3374500520,365312
7228501903,384671
4019300051,435200
4232902615,639369
3546000090,261915
8127700215,741350
3438501100,347433
1769600066,755101
8146100610,734390
3052700695,652734
7954310210,676958
3761700053,1867528
1320069179,325132
1331900410,820301
7303100210,349337
2464400285,537400
6163901150,382489
8955800045,342521
2314300200,402049
9528104360,395890
4177100005,650438
8856960260,330894
1828001220,724636
3066400710,662952
624110610,940780
4040800260,394145
5019500215,523152
2481630180,953955
7203170190,719444
510001280,887261
9430110120,688072
1565950030,333290
9828202255,754474
3878900270,382267
8091600080,204041
1112000035,375332
2228900270,317167
6648701740,307231
1245003740,654231
2174503441,533203
7708250010,307619
6072300110,574601
2329800140,244165
1494300040,528099
3832050130,281674
7203100730,950573
7199330170,508710
7785000220,800934
1250201175,400576
4054500180,981733
7905200061,436262
3751604895,205139
5220300140,291891
3323059027,334225
8651611980,918985
8673400190,555679
1668500100,848964
1023059365,561576
3308030060,336713
4232400860,876905
2144800615,240299
1568100920,1526267
9406510040,500446
2923049421,290047
1051000040,1556970
2077700042,714664
9423800030,296911
9818700455,627901
7133300675,343374
4113800550,661662
5553300375,1601694
2025701530,282390
7942601155,479933
7524300020,264240
2520069100,308130
5412300410,238283
7504110760,709220
2594200350,374609
2722059013,249872
8078430480,547596
1423069162,556650
8856001090,173588
7000100631,843744
4222200280,235694
7971300050,671407
2009001600,219577
6619910140,676349
2877100985,542647
1196000007,410914
1330850130,724238
6664900410,273713
1231001110,358071
9235900030,291831
9407101840,310239
9523103001,467877
2149800278,464333
7234601198,575456
9476700035,401851
9297301065,425200
518500700,578269
7843500090,321986
6056110780,293613
2345700260,366697
3509600070,245501
1431700280,359992
1623049174,286446
3024089049,377389
7853340450,393124
7732410360,755505
1446800995,305652
2946000285,229445
425079100,487179
3876313040,468177
1762600260,977495
1925069121,942427
7443000480,883999
7820000015,344310
4027701253,466738
2826049165,392748
5426300060,808546
1278000210,168505
923000270,322896
7657600005,260464
3024079057,436267
3276180020,316061
7304300760,311328
3908100020,501910
8835400805,852134
4051150070,208898
3904930530,464879
6163900971,343254
7942600310,457326
4365700330,250819
423059207,296087
3992700265,347786
7177300090,492901
2540820010,668879
5700002510,829980
5201000030,595626
7631800015,1942216
2922702965,656700
1525059198,876774
1245003160,774919
3810000455,332317
7855600080,683893
5701500030,1275875
7504020400,635402
1402600570,313416
7575610760,267057
8731990370,351964
5021900090,909781
290000075,432968
2841500010,710506
3955900830,468450
7852110140,548232
1311400350,241658
7773800015,522276
4123400320,516609
2725069157,864025
666000143,738090
5101408678,535568
6371000026,396346
2024059084,829007
7283900036,308499
8881900230,822354
3959400135,351501
7696610270,227519
1689400150,725640
5103900015,463378
1441000350,478457
5101408735,331599
3126059027,2034771
2320069014,440702
9541600015,622521
8682320420,725605
1562200090,558367
3395070980,688492
7349600230,258793
522049122,273297
869700060,297987
811000055,1269564
1221059176,425402
1523059103,488107
2025760210,678918
9218400088,324304
8682292020,420655
2623089135,444675
3758900259,1523648
524069049,600312
3121500150,860820
5581400080,827211
8087800020,493026
4070700290,742345
3296000170,652730
9238500040,625663
2744600040,362426
6813600380,615096
6140100150,555539
2201500555,451690
2600110250,625377
4337000275,162538
1186000150,566330
1972201963,512606
1105000745,405194
2887700560,634712
4039700080,557184
522049104,327154
4202400078,256369
7520000695,198209
7714000310,387447
4319200060,709721
8624700015,625396
5104520610,312016
2354300845,333636
3824100291,535250
6151800612,264936
5454200080,926765
6413600290,364989
2131200065,346601
1459920010,272853
50300090,397491
2326300090,721362
7714000070,389055
3630180500,957593
1727850340,968044
8691430330,1016917
2310030390,241247
5561400610,506142
7010701016,544475
7883605915,248999
1282300995,386078
4040700310,465293
3353400435,233687
2143701015,448919
255450020,369765
1020069017,383436
4038200120,513193
9284801100,323969
1965200075,698230
847100047,588601
4038700720,494097
6815100085,940123
2508000020,350237
255520180,813697
6822100750,578351
869700050,309288
1775801405,574859
6600400090,220969
7202330270,449983
1683400165,839471
2625069070,1236454
7625702440,459115
3388000640,231357
1899400365,293276
6899990200,661960
5569700020,916294
986000045,341650
3293700221,347352
3764800250,360593
2291400566,412128
4219401236,1366973
4239400840,161301
7211400990,214690
7696500280,178940
7215721070,494354
3204850140,366702
4322200220,837763
2566300100,1249383
1944900090,428069
6648500390,295257
7385300020,796910
1704900135,323312
2877100655,735435
2726079098,586338
7625703800,448087
318300040,537242
7922800190,527682
2023049361,216899
8946400210,480165
6071600450,534064
4343800100,425548
1443300140,400825
1024039001,918271
2767704860,566355
7234600851,667610
644200065,876552
7784400035,518107
3826000560,249226
9272202260,566388
263000253,419483
3621059043,552132
240000130,499977
1352300120,227085
7849200861,301668
2487700130,622825
1796100140,324411
7234601221,540733
8651710190,528456
2916200091,624794
1232000915,528267
1545801970,248452
3211200420,312748
7686204675,192720
3141600210,218708
3959401284,479996
2113700825,245212
3876000710,399691
522069022,566601
3214200070,408289
1221039156,301120
259600790,416867
785000040,511259
8138870470,488947
2596300035,322475
540100057,1492993
3073500045,618954
5363200266,463611
8682261650,495346
3224510080,879034
3211270160,452708
9269200520,278211
293810190,478049
4197400043,339598
3026079031,379224
5332200405,951078
2473411210,324047
9268200315,501156
8123500050,642363
3221069091,429320
2485000165,715949
4058800215,663975
1926059039,713631
2533300680,1019807
3343903640,324526
5700003705,1809540
2023049372,365847
4058800830,593057
3333002302,471097
2944500340,300090
1982200790,595423
8929000270,480798
8122101440,294768
7525530470,750746
9332800020,715445
3878900525,233449
5420300210,281163
9232900165,353965
6414100026,470524
3013300660,585136
7954300120,542436
1081200360,321616
2877102345,560303
2202500255,486668
7984400050,235900
9558020380,433077
7812801850,234836
8944460020,367040
2306400040,561701
8649400410,463017
7889602020,243780
2041000025,501759
871001484,582051
2767602141,593268
3630180470,810538
2769602140,485887
2473250280,343062
5422560660,458116
3756600240,353319
8651600160,882788
7202300540,844987
8961950250,425597
3303000130,449213
798000062,268926
1695900150,825517
1604730150,524094
4136930310,342287
8835401250,1340615
8665900328,421414
9262800255,320031
1853080570,842755
5556300114,720945
9517200290,531924
4037200295,485602
7417100123,427672
2620069077,199309
7922720040,734192
558100090,606082
257000037,308461
3319500385,426007
9297301520,343775
3580900090,356943
1321039076,191129
7227801581,312889
9407001620,311683
2130400150,338310
2312400200,265503
4046700210,330183
1193000480,1112170
1492800296,681228
3013300017,371363
3630240140,584224
1049010390,350757
9320900420,152408
4315700060,410393
2591010290,353707
323089085,563485
6600400270,201837
2919701105,479730
7202360670,908964
8927600100,841552
3211700045,616725
4027701326,520584
1601600195,289437
7853280350,886591
3629970130,716613
7203120020,811368
9542900190,362509
8035350120,559153
1238501184,918746
251200240,493455
8945300200,198332
2162000160,1194546
5466310060,212431
1239400064,1006457
5205000020,328298
1720800305,642230
7280300375,603446
2095800400,477795
7852010950,550893
1428001160,606210
9528104910,708095
8644210470,801532
7923300310,494239
254000100,695878
1931300688,508190
7007700030,478928
422049178,241905
422069067,492082
2923049393,367100
930000305,503931
2461900448,525537
2610100020,334314
2895550050,265035
7701700040,276848
2460900020,461299
9827700105,634420
1005000240,309719
7200001254,520427
866400040,577743
305000170,645367
2260800110,886996
3442000127,614202
5253300437,544734
7576700150,1041544
5469501410,525122
5104531120,764431
723049434,342666
622069006,1090256
2517101200,316281
8159620160,246693
5561300640,412827
3317010130,220310
4364200250,395491
8732300060,864701
5603700025,677734
3585900190,1405228
3996900575,277909
8731801260,234396
3810000860,287896
5700003585,2227384
6332000050,498982
9286100250,444630
9471201110,831841
9290800050,543404
7300200400,605533
526069024,1028912
1454600156,1243014
3904980360,505463
2626119062,316141
8651730290,467527
7611200195,829190
1919800260,605646
6632900354,323252
3972900195,322110
5151600170,287849
7016000440,525483
871000435,782643
9578060540,521562
2332700060,793080
766000240,292845
4363700200,376407
7100000250,308663
2781250560,213614
2781250100,369739
5419800220,257254
7147600245,264112
2926069083,1010009
6189200125,863965
9542830160,300643
5152200020,265384
9412900045,500816
6600410480,202683
6979970080,603163
5636010280,277644
1732801300,963280
5561401530,431209
9578500510,427015
7304300906,328377
1223089077,709749
721049207,283675
8691330310,840485
1523069204,471593
3188100105,624027
6608500290,446532
2891400410,354065
7663700551,339262
5413200140,251767
425069139,654309
6713700155,367839
2767603505,494814
7789000080,238649
9211500620,219336
3750604417,207865
7922800320,527642
1471620240,350485
2222059052,394982
9551200270,1204186
2767603160,567733
9406710060,378271
8929000250,396048
5538300120,470193
2223069120,500076
1652500060,1626712
8564500240,442286
3629700120,625294
3943600070,424461
4171200025,307879
2425049063,2852261
9828701650,362172
3581000340,372715
8100900015,422864
2125059161,1068140
304000380,195376
8146200070,1513737
686530170,583690
2917200645,516367
9547200530,991499
2122059199,677115
1150000740,597503
5706200060,345492
9265410010,232011
4083800555,511172
6152900332,320229
2520900301,228083
9828200790,513968
1657530180,291101
7471900045,251656
9828200460,398959
1775900140,404974
6139800430,481960
7214400005,530969
5332200026,520703
9510970300,818283
2540830020,441044
3392100140,205146
1326069191,397251
2125059112,953916
859000022,349444
8854100350,643864
121059007,259166
7977201707,527654
3859900060,2509488
8815400735,763803
705700530,356937
6600780130,372957
6378500105,409162
8143000310,452516
2877102330,730901
3526039074,666408
2115510300,241635
3024059014,1712357
2141330360,592818
546000400,512992
2071500011,399141
7972000240,239294
7016200460,520026
6204200180,443570
1552100135,1107291
88000173,444187
2581900235,893239
9211500560,225992
621069218,420350
1321970240,296697
798000630,333682
421000285,284091
2824600180,805251
3832051140,309647
1237500105,771863
8802400906,259626
3166900270,382203
3682000060,369497
5469700020,278073
1245001820,699735
9547205660,575359
7974700122,715350
7550801225,561882
1099950050,714765
1402900460,314864
7636800041,1455624
2115720270,249121
8651441750,198169
3904100035,325202
8815400020,593538
3303860590,451822
5427110040,1109096
1782000160,354025
6204420290,523609
3995700245,305803
7955040130,455664
1442880650,519462
8833510230,978825
7283900551,360255
4396000180,245280
7504021310,711143
322059264,249979
3654800040,267806
2767704777,516839
3278602190,354345
3236500220,479116
3410600100,299483
629410180,743443
3352402250,187783
4363700304,357999
7237550130,1284270
9808590210,1207500
8074200175,242381
3463400330,469037
6306400140,1235133
8564950250,561686
5381000070,218779
9826700697,484410
8132700190,451722
7943000020,178414
9547204675,628882
4112100101,522264
727500030,739423
114101426,313497
9274202005,813648
1193000380,1017236
3039000020,477992
7852170130,660446
2624079010,666100
4137010540,302942
7576200012,706445
1138020020,340588
3969300030,203863
898000200,207223
5153100030,338322
5104532030,516036
4406000050,216112
9274203390,615259
8682290360,412527
6928600330,263907
4139680070,881404
6844702690,495923
2154970020,1807134
4385701285,1248714
2426059071,616965
2867300160,574095
9512500720,552765
1773101020,360670
8687800100,282929
3627800050,1485349
1604600227,331916
3300701170,461532
9250900111,492713
7015200790,722970
1311100490,256364
2469000010,810012
1982201596,593908
1862700290,327072
2586800270,244667
9528102772,479445
5490210200,473681
6669080020,517368
179003055,222784
1860600535,853220
1592000130,600412
3905040170,549405
9320500080,287384
9276200850,465060
224069114,665373
2260000340,621736
5096300130,395171
3432500215,357833
2600000050,628878
8856003839,222973
2492200435,483388
7855900110,1146393
6806100250,336099
2770603523,539409
1370800515,1469438
2726049150,523367
1226059161,599789
1068000375,2872994
9528104109,503878
5126310060,514554
1951820070,559240
1545805980,366986
9464700340,900500
4319200675,1014580
7518500885,575136
7852020620,496361
869700370,327912
8643000190,265452
8902000267,613769
7972602435,258409
2050100210,868760
6705120540,497669
2767601390,612205
4141000490,1163258
9345400350,739018
3222079162,331727
7789000120,257769
6646200770,667212
6666800180,734655
1725800280,471860
6117500460,1009248
5470100220,231132
5457300478,473523
7550800195,561444
7787050180,536705
6204430250,541758
7640400250,519024
624110920,826138
3629920140,419655
7173700518,761884
3210200395,253305
2473480560,363369
2623089141,467670
1423800080,212423
2076400050,284236
3832060120,307983
7702600930,363883
5101404555,418047
3723800415,452755
3356403400,225208
9214400125,502830
1797500530,582489
9551201660,1029179
3878900815,380210
1760650280,364710
5466410030,246243
6388930620,594949
2331300395,794939
9412700160,290669
871001611,618173
3142600120,617186
3995700220,349475
2310000280,284689
8039900400,397363
7504021510,706935
1959700445,1650836
1556200155,575983
3629960590,369055
259000240,469787
662440020,363589
3123049142,524915
321100260,714209
6840701095,692534
3738900165,433763
4427100130,334654
9238500100,544598
6145601810,340208
2570300090,379655
4017600010,492401
1005000220,421773
1257202120,505909
9527000490,475325
8691400080,732047
1726069084,472948
248000240,204478
6113400046,425742
2130702350,490626
920069052,261004
6071300160,558296
1623049041,175788
9268200285,367728
1843100520,379610
2887700826,661314
9122000385,648584
9475700220,396752
2804600005,760243
2896400300,437188
5015000180,735979
3630220180,794609
8832900780,531326
1568100300,582700
8718500610,396216
4147200140,1176343
1973700030,817215
8862000075,195594
9320990110,312085
1151100035,432286
2011000010,245018
1651500060,947049
446000190,839769
2344300220,784714
523049195,232286
9191200015,677595
7942601410,765650
7137800300,206499
7853300280,563301
6654700240,316213
569000050,583062
3584000180,226987
2026079055,366825
8898700880,293192
5075400150,599016
8731981360,357173
4222500020,241409
7996720050,661687
4077800094,665249
6446200365,706008
2824089053,517613
1311800220,225667
3522049063,623891
1721801280,207071
6131600240,204738
7202310040,663701
1123059125,516614
646910160,251113
5630500005,339891
3342100785,267191
9547205610,661341
1773100123,302133
3353400092,306504
217500015,426993
3649100031,448662
7896300150,300774
623049185,272741
1773100430,345339
1781500220,587948
3395380200,232460
2424059170,1568930
4389200765,1861394
1543000060,482024
6154900005,684260
2902200240,484352
1442880640,537001
8562770490,570951
2768300655,612456
3432501315,312815
5035300570,795961
3626039028,408130
3876540780,234839
327000100,1057676
7551300065,479147
1312920060,240160
2215901230,262673
6306800010,437499
2767700022,575768
5589900610,560006
4320200020,659827
5249804655,587813
9238500480,606145
3885806565,1270147
7905200205,463004
5727500102,340627
3585220070,423597
2078500210,572038
1839920050,385184
534000080,348393
856000255,639822
4141010110,1472988
9558040820,604470
7768700315,1137351
2796100640,301416
1922059010,185302
3448000542,286672
3883100220,301289
7237301210,280101
3893100456,925446
9578501110,370667
6145601995,419595
4024100120,328291
8899000050,358417
3396820010,625386
6749700117,354230
1954400060,509194
3303970100,708027
2540850070,504576
3797000745,545179
7883603700,258679
3438501452,344333
3530210260,714335
3598600049,186576
731500170,306528
7129304375,176365
263000006,407579
7212660560,314912
1112700010,420342
3420069060,521545
2473000470,450873
8691390980,735051
6184700100,443439
4476400275,379192
2968801240,284564
1529300160,415013
7640400070,547089
7016100380,451029
2172000890,464967
4035900015,748316
9528104660,1082796
507100005,437815
2783100160,390452
3629921140,877645
1099750610,240250
1330300451,1005267
2757000030,903712
2114700190,326864
2050000020,945821
3832500790,297589
2612000390,306266
1483300430,397239
8899200720,284231
9183700470,323967
3530490031,214999
7857001225,369276
7920100083,470548
2254501620,474836
3303000130,442630
3876200070,437938
369000365,386593
3052700385,636700
7856550240,905080
7300410110,331108
7201800300,435219
1695900060,542285
9429500146,874428
3629910240,651412
8805400090,244285
1022069050,280148
1138010530,372424
7877400266,192193
7974200452,897790
2126049265,457308
9547204350,668931
5560000680,185896
3793500550,311330
4217401195,1102527
1826049408,402330
3905100210,471844
7695370160,406301
3210400060,243800
6146600170,167233
2767601750,498955
1773100926,337393
5700002125,563450
1951100100,189346
1402200340,328637
8044200200,415194
66000070,358027
5083100065,205949
4027701284,406167
5693501100,541156
3600072,563593
8078550250,319389
1922059046,338705
2902200016,721252
9183700845,193471
3333001997,373739
1432400525,258839
2824059128,533257
6453550090,898658
6202600070,1241311
7524100280,230828
3524039224,966314
5739601300,681486
2473000410,387714
421059018,277713
4232901120,739987
5559600140,252148
3797310150,296008
7986400265,775150
3025300095,2241702
7524950830,563965
9407100730,249013
3812400854,479973
6002400030,360181
2212200090,239679
7202330610,570100
7300400170,321130
8965000110,412440
3996900125,318880
2221000100,297686
1524079088,412342
1133000036,396091
1868901190,717380
4037200530,499695
2095500120,337512
1995200338,757759
8820902350,779767
7459810210,375712
9536600010,538548
8085400586,1517044
7518503065,372866
8682320350,658928
3179100790,744454
9828702666,511067
6713700250,560941
2141330700,669293
7519001990,442914
3223069019,351576
7994700030,375559
2592300450,286228
2792000010,412880
173000025,343241
7203150330,692286
3305100210,831577
2581300055,1030029
6613000750,1540851
7015200685,620766
1323089184,485984
3793500510,409532
2225079030,364786
3578400710,361737
8100000090,245495
2095500040,315099
8682281710,788821
6163901380,298534
6918720080,690187
6914700130,508669
1205000215,536720
3800008,297432
6150200180,280459
1223089066,710674
7768800290,828137
9285800330,797497
1974300020,522336
7628700050,853234
9376301800,626629
8651430220,183331
629810350,818523
5016002180,889092
9558010230,361098
8732000390,225038
7899800586,407614
5249802460,477056
1446300020,536318
7785380150,632671
1245500950,862571
3362400640,640032
7578200310,629666
4137020910,297284
11520640,804484
7972601995,287430
8122100160,364587
9456200450,270838
1328320760,317359
4025300285,319592
2721600125,1050459
1123049027,228602
3542300060,241311
291310340,569732
8651720420,470779
3298200790,406705
4037200585,429841
1329000090,1068851
9279700013,1238115
4151800265,604014
7760400210,243150
5029450110,217731
9492500160,854009
3578400270,405970
7606200090,322681
3682000050,348624
1250200415,361004
629811600,699380
1839500115,353601
1176001293,1333660
3013300409,501221
7853280370,881794
3275780030,684045
3336001946,233683
5456000110,769073
2473250400,304173
5393601635,593096
8820902905,381428
1245001659,690838
1523069215,491313
930000234,506034
4083301645,748859
4055700778,695315
2781230080,408073
3629910210,641623
7856700060,660385
7589700055,501917
3888100043,390699
6381501636,395556
3303951150,395967
8638500170,431523
5635100050,433406
8820901792,798881
5456000025,1142414
985001275,192358
9560500105,774756
1421069117,260269
4154300296,313231
795000620,187259
9828702335,571115
1250202145,1320071
1163400070,253939
5652600065,736612
1042700050,824177
8899210320,351378
1651800030,1439013
2919201365,766399
4365200895,334786
6841700100,765672
7376300060,441464
7852090180,521101
9222400565,527179
9542400075,680844
7338000150,190742
4322500110,553085
7694200070,400173
9321010130,236319
3204300455,1039300
6706000040,303222
1565930130,504512
3279000420,228309
194000575,502818
2115510160,233505
7522500005,563914
3787000140,439012
7852110690,630122
5469700260,416563
8691410730,722785
114100763,316438
1257202430,875553
7000100635,623190
1900000195,223303
251500330,1662581
7701960210,831625
4037000065,478657
522059299,242913
6072300800,691990
6821102358,564498
5029450200,212567
8860310240,580518
826000295,359695
9417400110,421914
3959400345,765621
8899000430,334246
7527200030,756442
8562720410,1061271
1432400335,198146
6699940320,360192
2525059172,812330
7548301044,361991
2141300420,846799
5100401414,406092
7346600092,244197
6852700478,481104
87000213,245391
5416500260,306885
322059097,269716
7229900005,348478
7116000350,173424
3739500096,400074
6744700900,652899
1959700550,860063
5589300435,439361
1775920350,350693
3750607974,319709
5318100935,882699
1442700430,469703
9346700030,716612
1841500050,396957
7278100665,334939
8635750980,629570
6909700340,597801
7011201475,899118
9348500220,543802
3876313170,418968
2195700050,832785
3760100200,498724
3396800120,549388
3750603685,296508
9828702310,492719
8656300380,337522
1438000170,568822
2423069164,459062
2112700845,321010
7635801370,560315
8572900135,436125
7504010590,806298
6821100125,500944
4310702775,299912
2591010180,457022
9828700235,689379
9376301180,525227
1646502355,1117879
1498301672,607417
7715600070,417935
7283900045,482342
522069119,471077
5200100125,604119
826069184,473012
3271300155,787665
4444800045,702198
8682291050,639887
2770605420,551113
1556200205,638917
269000970,1634448
9264900880,252599
2323059074,234964
1224059053,1253748
3755500065,467711
2571900430,351428
3705000070,309730
824069173,604367
1735800050,167625
3025059089,979260
6132600655,860478
1068000255,1640423
3052700921,807471
3024089057,371663
7390400026,292613
1787600224,436730
2923049372,285135
7015201015,1011527
7701990040,900180
1925059194,1228113
301401370,352225
1931300955,435990
2395710070,355335
2591820070,385439
7883604065,273208
808300200,573978
1421069159,465343
8562780540,321345
2787720300,366123
2349300069,323278
739000035,183686
2397101460,561092
7625702437,410614
5101406441,509718
3323500010,1308031
225039082,813185
8078100260,352968
4139480200,1333273
7436300160,479523
822039004,582037
8651442910,244290
1370803510,697124
3342100569,600465
1310430400,469411
104540820,236135
4305500030,574355
993000090,925007
8044050040,431340
5707500050,896894
6306800080,299364
9206700190,700834
8732040090,302671
3037200045,474387
438000025,672609
239000115,359640
8929000230,487102
7135520610,1043470
5561300340,552795
9530100085,787366
6613000140,1406447
8835210130,340799
3782400190,363066
379000051,291013
3869900150,359296
4322200050,525498
8961980290,691536
2558670110,463933
1124000010,438258
3869900138,493718
7853300720,535810
251300110,272169
3904100041,323996
7701990300,829709
8682231190,514362
7888200240,224099
2025700730,280773
3066410800,670134
7576200040,686572
2526069095,1148597
2781270530,189225
3763300005,454109
1523049083,202554
923049468,198519
3303700221,572367
1502400140,232964
2880100160,1062774
4083304535,960052
8820902549,569913
4139400060,839442
1222069094,315944
9367200205,721327
2734100736,315721
3856904580,746228
3812400789,372296
3303980090,893031
1314300018,361874
9522400350,558272
7524350080,370171
9406520260,354343
3278602040,378857
7696620100,235712
3751600635,248111
6365900065,403306
8732800100,280579
3876540410,235900
7349660050,269015
1036700220,644789
5417600200,362745
8732020310,273641
6844703240,835007
923059206,359104
4038700220,560640
2597520900,765362
7203230040,1026168
8820903560,323094
424069112,667665
6056100102,549388
1823069155,527096
9412400220,2444019
6851700381,980381
13001215,274926
3630180340,818393
6746701090,525948
3832050760,279487
369000690,548599
6071900130,552028
7266200085,744120
1473120390,430361
9523100458,525935
4345000510,239099
6600220090,473241
8079040320,380020
1357900060,476579
3996900295,313881
1442700250,503204
5021900175,658907
4365700130,346039
3876100320,684769
2124069103,481372
6700400140,262336
7852090810,525098
1454600038,1008217
4137000250,307874
9826700726,594828
6716700325,491440
8562750300,615698
9315600050,1832711
2790410250,679285
7732410130,617184
1387301730,351702
1568100220,325947
3975400085,951588
339600110,450599
7888400500,239822
1842390130,727786
7595700025,370499
2158900140,891908
6151800070,382649
9294300515,849490
1250202660,888142
9106000005,1065837
5035300085,754395
8898700440,283558
723049197,204263
2019200220,224559
2926049408,718652
4233600190,839852
9268851860,440940
5458800620,717763
424069096,468836
8150100265,264165
2742100085,449156
8045600130,393068
8039900086,310324
4131500190,312832
1370802650,780633
821049149,259976
5104520460,369183
5466750140,255795
1703900155,296973
8658303065,331450
3298720030,523561
1839900080,330470
1561600025,773517
6064800410,360395
621069102,214134
7853360620,434280
9385200045,590281
7214770020,653863
5412300100,240043
2025701360,269557
7334602070,307509
8029200190,211259
2622049052,492524
3126049261,357184
4443800705,449763
2473420100,339054
7922710520,562756
3336001911,250737
3797000300,453789
5406500480,665649
6706600090,455748
1518000230,349398
1250202990,832672
6441800060,808742
2141500070,451683
9407101900,273027
5451300117,1808017
326069132,513718
7153400100,255227
3083000910,433323
3021059304,440405
2597530650,853217
3972900215,320106
2473420070,322084
6115400008,487873
8682220230,762338
642150080,543788
3775300030,325614
5418200340,695880
2424059119,1100469
7899800476,287882
8598200070,285279
2421059125,470383
9528102771,555667
7522500020,578013
7202340720,664159
3286800260,613686
1121059105,466120
7504030220,618130
4045100190,1622568
9406530090,366557
7138000260,263312
2600010390,709319
2917200365,422915
2191600780,207143
7784000180,499361
6149700194,335329
8082400136,735263
7202340930,749139
1972200556,608991
2767604170,640061
3271301175,584131
3223059303,494740
7598100735,1194165
3348401490,270476
1545803390,269483
2296700050,523769
3626500045,786027
1596600060,315335
3616600250,1115652
8078560140,287104
1796360350,231280
2770601763,558097
3223069118,707057
2473372040,359345
3575302759,366103
5706200170,455795
1774000030,604091
2224700136,344302
1250200418,375156
5416500840,369366
7335400345,164515
3776300010,838217
8857320130,507192
424069206,765033
3592500985,990892
9828701295,392425
2621750340,294776
7334401000,261925
3286800110,565373
1722069097,548309
3574770030,594548
1336300610,1061577
7230900100,308263
6141100320,357684
2767602356,695517
476000017,476080
2558600100,491473
3500100015,289499
4074300150,450042
8907500070,3277803
4388000260,196712
2475900850,279633
7852010900,538417
318500300,692985
9200000050,179896
1026069106,494126
205000120,649964
2616800600,779740
921049141,623450
2023069059,623080
7229900145,362494
4376800010,534810
4389201095,2199685
826069127,511609
2310000250,276217
4058801225,323569
6600220550,440132
3585300194,1418636
2594200375,368523
1102000514,903048
1862400471,419585
6928000440,302554
9578060470,519988
8732020670,263123
1823069088,293916
8712100350,1023208
3420069055,333909
4229900140,359901
8682280490,410237
3830630310,263579
5100400251,399789
1737100830,695305
1630700276,420494
6326000205,463125
3426049284,2026007
3814900260,373253
7403200050,1622712
1725059252,799628
8899200570,301099
4137000700,272080
1115300270,912366
3904920380,606328
2695600195,349227
9542100135,862803
1552510160,428644
1823059241,644337
2193320450,592925
1122069006,504480
7853340330,398415
1954420380,489031
7299600530,275385
1760650670,261046
6819100080,578211
2767704649,499935
2424059035,916652
1566100400,432991
5255690060,543127
8860500130,394466
7349650120,342250
3291800670,467163
3764650010,525390
5416500950,400679
7973202712,215970
3291800120,224633
9211500620,224101
8643200020,434456
9197100101,184647
3531900060,344261
8842400071,450699
6844701680,518451
6413600285,408315
5196410260,911760
824069121,888932
3876313120,438286
269000030,1151761
1560930070,578632
4435000705,216310
9542400025,755923
2470200020,1504729
7519000580,513639
1226059101,533919
4449800063,391961
2815600305,671147
3821200050,332881
2644900110,394692
8058500005,446948
1099760230,230585
1954430180,513512
7853360480,552398
7229100040,314193
1432400120,195881
1898200080,322304
4054520100,856410
2568200140,781078
587550010,629294
4154303215,890207
6358900070,1214351
3277801640,400961
6209000165,382576
6143000020,275702
2591780180,392222
5412400170,251137
5466350120,259802
2877104196,650836
3222059007,327109
7957600025,248251
2698200210,272435
3764500230,588041
414100630,346435
8029740060,343839
1426049054,357419
546001060,648775
3277801417,367246
3630120970,759345
2326059080,945077
3278612370,365239
4024700100,337345
7697870860,237752
8562900240,716797
4059400585,208064
5703000050,469347
7701990560,822396
1760650610,337260
5408100035,466478
1370800560,1112905
2880100240,501048
3630060150,577417
6071700020,540718
2473002500,409762
2768300650,538231
3523089019,805468
2787250190,563225
9477940440,465242
8732030440,277993
236500050,328198
993000100,919765
5466700360,267427
7203220300,857150
8682292180,405477
5209200010,513248
7853360990,444053
8663310010,487044
2313900165,522800
6114600030,544997
3303990030,763882
6679000960,375334
8161000230,567222
9510860060,681416
1223089083,650296
2721049059,308343
2523039278,302973
9826700707,513452
2159900120,465074
2767600635,632212
3812400455,527467
7852030960,499490
319500080,702336
1061500360,310249
1787600209,375229
7888700030,543687
3623500260,911392
4219400520,1288203
518500460,1834988
2500600297,308977
7283900010,327866
9225900055,288903
4036800925,448408
7967900150,401556
1782000130,404271
3163600015,177493
254000075,476566
1424059022,930253
2768200090,837909
4319200505,504897
1592000780,643890
1687910100,586843
5200100115,579125
3751600176,206377
5608010650,880000
2051200506,289004
2781280310,276073
1023059190,283550
2787310130,280642
4358700100,416825
3121069036,545621
1959700225,614290
3205500230,391471
7974200937,515051
6819100111,913215
6146600175,177079
1525069095,791861
1231000510,506899
4122700040,1030910
2426039314,323955
2013200390,275151
1854900330,744605
1923300135,597475
582000135,547389
587800130,306582
7840800135,218065
6116500366,356039
6392002635,604095
5361700020,359965
106000395,420862
7199330390,377346
2484700155,597862
4038300070,487120
9407101850,300314
293610040,619000
7202360760,808541
5608010750,1093953
7236500025,286446
9144300120,320421
1454100267,429056
1377800135,659544
7967700570,236812
1562100220,609806
2923039243,401939
868002080,947808
7137960460,270086
1023089096,307865
3262300818,1578204
8563050110,558548
7137300245,431727
4365200630,404848
4100500070,1969864
3821400200,255403
5379803386,257525
4237901075,699481
8118600155,419053
8946780080,914948
1428000970,367820
7011201004,602868
2799800180,361270
522059130,239413
4315701163,606237
3649100387,469416
2125410210,497368
3224900130,221382
6798100661,323829
3626039325,1150370
8730000270,359841
6065301040,764951
1665400165,242818
2203500140,402882
4058800875,347763
5076700025,471485
7853420110,582156
7818700480,339353
8658303080,367526
3187600100,612094
4077800518,363285
2470100110,3320970
3451000206,372685
1843200350,197707
7904700126,401521
9430000070,282476
6003500749,582212
7701990700,832105
1310820150,303532
3975400190,621732
4100000050,631209
7202270700,629841
7370600020,601383
126059225,539674
106000015,452115
4458800060,726410
8944290090,234552
8682250330,716265
9834200390,435755
3275880100,744978
7227501190,234766
1796100010,554572
3831200210,306644
2521039066,268970
7701800050,456871
3904960910,708858
5647900670,278440
7234600796,580125
3021059244,224254
7787400030,1701960
2051200436,543056
8820901415,379439
3523069047,771698
9194101388,572093
7277100610,338578
9471200370,1940737
2767800140,634539
3629870110,570836
9136102057,678192
8648900060,537033
3678900110,353555
2767600150,510876
1972201511,656304
6055000430,739580
6624030050,398672
2215450150,330819
2767603824,460877
3585900460,1012348
2922069134,430098
9267200062,351485
7228500425,539072
1089000190,808931
3359500960,548492
5152100160,382954
7230300060,390364
2423059067,420687
8016250060,238009
2524059267,1154944
1438000440,488756
3326069026,690758
9353300600,321482
8691410060,734649
6332940070,542279
1310980110,286897
7428000120,238345
3626079040,584462
2722049077,301207
984220290,304783
5347200160,266017
4154303655,484584
2953000250,261051
9523102447,685391
5104511840,428348
3448740250,450339
4219400290,1416746
5152100060,544271
3279000460,221001
1102001274,986001
1251200155,1130468
2025700740,263440
3820350050,360166
1245000438,774559
7853230200,520550
3832200070,247773
2926049400,558415
1246700251,931297
6372000155,595373
7950300670,351533
7518504130,528713
9286100200,443480
3992700585,454906
7234600786,651146
5476800069,427449
1126059201,1099201
9527000090,493828
402000115,288698
8818400450,993219
2475900840,300836
1437500015,181725
2848700095,459460
1529300135,363177
2597520090,812375
7812801125,244181
3343903647,410827
1951600250,182316
9542840590,255857
8081010040,1111481
3262301355,1247586
1861400068,431320
3295900490,429034
4345000440,252722
4219400465,1123850
3797700030,278058
3204300860,724609
1930301555,556546
8807300130,351310
4391600035,239867
5021900140,1741830
2946000590,255404
686400210,535349
3365900462,264370
8682262170,396992
7312400325,288362
3760100100,425556
3579000410,474672
1773100755,647844
7129300175,286244
6303400965,234762
1328320440,331218
3686900025,224124
1221039066,446254
7950304095,321433
3585900785,898764
9455200329,526688
629410130,752350
1994200375,584812
6669200370,900336
7262200150,266471
7504010750,623339
5253300173,324961
3395040200,318237
322069109,425639
4054510270,1028282
1710400005,612918
8644300170,791241
2450000290,1241188
6102400166,587700
1934800087,468804
3333000775,307975
5393600509,322232
621069039,305382
3343903611,650422
2954400020,1264601
7972000010,171290
7214810510,526574
5561300540,497507
2634500070,406571
6822100310,684770
9201000100,706409
1072100085,356434
6190701146,415151
3277800845,318078
112900020,355144
1324059048,713389
7979900126,389408
7199330370,441152
6381500720,495281
8078550190,296418
7853440140,866909
6300000396,386098
3374500250,377846
3343901188,259717
6979900010,731098
7199340320,594502
1112000125,388013
9269200150,379395
5104510210,316103
925059219,563915
100600320,207958
1789900080,286093
2123049142,350183
2459900040,779465
3902300450,614218
7250000065,393791
7823700005,263746
3750605247,217910
2771601730,463297
3298600440,380689
9141100005,582916
8682262190,409578
9407111250,244699
1336800010,1855861
2255500060,574068
7950302345,336705
8658303585,307401
9184700600,1329966
8068000440,275784
1310000130,302403
7853221330,845086
1222029077,393790
8562891100,350872
2517000260,400552
2225300149,335537
8651410330,192651
2413910050,784549
9407100720,298766
2112700920,331016
3761700251,672878
1036400100,723457
3585300365,723419
8562750060,899241
2719100042,474215
952007055,415007
925049318,548791
7203220260,1036363
9320990140,316629
8567450140,570828
5379800810,177675
7784000100,546221
3992700475,391220
7905380280,430382
943100683,416361
8029770470,491844
2818600060,920415
1226039124,414882
726049184,291716
795001930,234339
339350150,739693
1332700270,319927
7548300170,785319
6141100330,389469
647100096,881831
6744700423,484876
2895800750,288243
4046600220,429742
8809200070,416396
293700110,856172
4178500440,258461
4358700164,285453
9197100263,275252
2426039313,322563
9468200163,608952
475000190,549439
7504180170,438601
4036800170,502307
2561330040,501828
4123400340,517679
524069115,839999
4047200850,362377
8651440230,236079
3905030140,574582
510000641,702087
8663370020,420411
2883200760,782031
1980200384,728896
9468200140,486632
1796370150,262851
9238900085,545132
9191201325,676096
2538400060,904305
3758900037,1093869
2472920800,398978
321030150,320818
2571910100,307185
1423910670,302671
1118500030,821032
1939000010,656426
1776460190,512413
7504400290,758122
3448700070,447218
7518501025,597141
923059252,434418
1431700210,249691
8635760480,599416
9175600025,1995648
7922720250,504941
8944360390,479051
8948500065,219728
8669160310,284172
6117502745,418255
1789800020,376131
226039186,325730
6457000080,239746
9557300080,514667
8562790480,540813
6430500008,509040
1604590230,713791
9542850290,718880
7831800395,284511
3317500030,1117359
624101110,827550
3654200039,388869
7856000150,638551
4338800685,258599
3211230300,400637
3904910650,578786
3598600088,304765
3796000400,385458
7972601280,454479
1450300050,270081
7504050090,740706
9202650130,567434
2419600075,370117
1224049005,996105
7129303240,334879
1922059135,208899
7852020250,649225
4139910180,1278168
4222300040,264565
1024069027,915069
8944600620,510134
5040800060,804851
1036400200,572974
7899800915,208864
3325069025,528396
9408300310,616903
1773100604,349851
5451100490,1894425
9536602080,190309
9828702055,407852
3362401758,488256
476000333,461687
4364700730,393499
5559200020,259119
7522600110,242782
104510440,240322
8820901275,637818
3298700125,244898
323089172,411577
5364200477,580723
2222900082,368580
6641800020,516174
9358001422,314086
3438501150,273957
2206500430,484086
9272201318,548173
585000095,647005
7708210050,498961
9407000840,289651
4027701265,526196
8644210050,767665
8656800020,415425
3329520170,213279
5104520720,313713
3806000005,191985
2330000015,796383
1447600410,285583
8641500252,431253
6084600420,287054
441000115,444661
2597490030,825130
650000030,799166
3585210200,427837
5416501030,389740
5406500170,667101
2916200065,439542
3330501975,538599
1774220070,633021
8731730710,212291
7861500150,456476
1402630190,381797
9117000230,303292
7133300380,801652
4232400470,726879
1773100972,343865
9413400165,247120
7658600025,449737
6909700040,1135110
1402900380,291563
6625910100,521797
3204900010,587978
5162100820,316933
5560000480,142204
1704900303,451500
8084900170,1744435
2887700091,655109
4331400190,279643
3762900130,355980
52000067,622212
5430300120,1314807
8956000460,587139
8856950310,257578
3364900156,375505
9310300211,313913
6448000020,1460251
123039570,384690
7600065,504843
3123039171,446264
8964800445,1460504
7857000732,448856
7525410090,635063
9541600350,676710
3186600515,753742
4123820450,327762
2505500030,1231317
1541700240,328973
6629300120,348686
7399800150,451247
9517200180,355622
1313300340,499937
7967650010,398522
8807810090,391404
8815400670,811617
2310030500,260959
2241700075,323534
2287400030,329035
2827100075,297068
1310700390,319856
5498100010,435900
723000114,1351272
6431000987,483336
3356407665,213798
7852110050,552806
8677900123,455994
1917300260,212912
3396800280,573163
8691420050,796130
9368700006,349161
339600290,355989
1592000250,591719
1471701780,370866
8928100205,600876
5029450100,219098
5493110080,2406364
7883603750,276674
1732800175,999642
1518000290,347796
8604900017,573169
5379805160,332668
1254200835,618645
3179100482,457783
3313600266,195549
976000879,704901
8819900220,596913
2130701535,330549
1176001124,610914
7893805650,387677
3885806840,800071
3625600190,1246190
8562790150,787529
7348200115,219876
955000453,453166
6817810310,415717
4040400340,446897
1644500050,716204
8029500100,301299
5244801230,796463
1115100119,385111
9542400010,656626
423059387,624030
4023500990,323801
7899800857,266277
2976800796,228751
1074100020,372231
446000010,650155
7942601200,472410
3575305495,838770
8691310040,775837
6117500430,705715
3924500130,474310
2028701075,491728
4330600360,262722
1324079082,444840
9268200484,642101
9828701605,578852
7518506715,940932
5315100277,1182924
3942900115,353240
1561930020,436825
9510970090,594836
6163900821,334468
9510300220,534965
3869900146,328912
9262800208,779771
2522029039,726756
6865200095,722344
3782760040,540359
4237901250,739353
2891000610,210844
2749600095,476953
5422810010,358024
3629980350,747100
2459500070,289830
5113400364,745141
7533800885,785351
629410190,750392
8651431100,190667
7960100050,625218
1842200040,458795
425200205,231519
9477201470,371612
7905200365,469188
6381500635,344011
6052400175,388759
1236300268,486488
6072800265,1630585
3423049311,239216
3755100540,393487
7852150120,402944
4180300050,414340
7625701935,330300
7132300550,397876
3025059093,2925498
8161000220,463977
7852011020,572975
2599200160,346389
5536500020,522745
2095600150,266447
8910500226,361270
1681400010,842722
1424069110,727811
5127001620,323943
7940710070,397689
2413300980,284610
7853400250,612038
9542801310,279870
1890000169,539187
2720000120,287892
9424400105,557721
7888780090,293212
3501100280,353416
3905100220,483240
723000150,878462
8691310980,751424
2297400250,507092
2892600056,224602
5273200080,538776
5145100460,480238
5561401260,625798
7732650040,863182
7504101280,868504
8581400345,290654
7129302800,584196
9551201560,577936
1546600020,679006
2648000071,226555
3339900640,208982
7853301240,508812
943100262,339474
7202430150,863681
3558000120,345801
3890600150,468141
7452500315,345301
7173700591,692484
438000015,705554
928000020,425493
3830700010,371965
3845100640,363412
6675500112,333671
1773100920,324316
9485940330,402955
5561000600,471790
1786830090,585469
2011000020,237360
8024200681,414232
5452301810,1610892
5515600075,311579
357000135,1206426
2541100010,612347
1090000036,1031173
3459100300,402184
2450000295,1163231
162500015,442193
2592210290,778344
5101405265,593830
1122069019,701990
7501000220,899380
1310900140,325854
3298700941,282254
1972200382,412133
5100402764,499303
2623069069,614811
6372000280,553313
4305600240,471730
2767602094,579293
2500600289,170965
7203160090,817244
3521069146,582486
824059321,1723319
9348700610,837065
7228501745,514785
6021503656,432157
5437400630,575941
2207100740,448956
7202000220,436900
629811340,707017
1324079029,349152
418000010,193476
6303400290,215898
4139910030,1231191
3023039066,399875
8698600395,199463
2799800710,313672
7351200050,808897
8564860270,472488
2591830020,391421
4139420430,1258585
9828201725,501384
2420069604,262608
7224000315,221096
3861470120,2111557
3222069151,298462
3869900155,405950
123039346,298409
305010050,650636
2141340040,651157
7504021310,716894
2436700315,538777
8732750100,395220
3298201290,354962
9241900150,1162878
1180005220,228157
5540000050,306097
9211520400,245819
2623029078,540822
7132300695,425294
6430500219,463238
6084200100,397860
7140200280,263910
3904910610,641021
7625701900,501197
9432900560,322332
1388600110,241695
9126101201,359131
4224100030,372365
1109000390,641736
3336000296,266400
7504100590,734464
2025701060,265847
7527410080,724171
7304301045,270054
2591840050,421307
2767602490,451063
5494000040,1160679
2473251090,286595
3825500080,498690
2309710150,347180
8901001335,693953
1781500435,357015
8835220200,337426
4037500335,522351
1338300180,1891575
7968000120,275431
686050100,929919
1180008315,216994
1657300280,375267
7856600170,669437
4154303125,526965
3295730050,646775
1777500090,797265
203600470,625159
6673050020,392632
8731980680,273179
2273600260,540632
1000102,307810
4197400005,443378
3378100100,278012
7856620210,778465
9275700765,1047104
1246700136,436967
4239400740,175725
3306300630,195269
2524049056,1739603
2023049245,254193
3210400340,261496
2621760350,295846
526059183,439162
8078460050,657463
7504110050,654020
3876312840,426013
9268850350,333544
8085400490,1125953
2722059185,506507
3644100101,367173
1321700030,1099425
5608000630,1088802
825059349,1368415
6083000071,217130
9164100105,602830
1425059145,488209
5210200184,549316
9477201370,448549
2927600630,778558
2619920170,806964
1560930450,592514
2896000510,588367
3034200067,623317
4025300360,360836
3362401295,544740
2391600555,405962
7550801170,524940
5347200175,338019
8910500471,428392
7199340560,466278
9266700175,345830
808300270,563095
2487200875,529413
8728100781,327103
5379804888,280757
6619510060,529587
5416500680,392001
1862400087,465445
2126049277,431137
4137000070,307647
8081500060,2075658
686800065,947768
5561100180,578120
798000342,295846
5603700095,681286
7151700585,1432600
8129700565,667679
2782100260,670701
7011201106,371567
2423069084,535830
8141300300,346405
6601200040,272379
290200230,720819
1423900220,227926
7303200450,239903
3755100220,393980
796000235,230508
7237501040,1024421
7203220400,864579
9285800275,760524
2061100435,559812
6414100025,627017
5317100750,2356516
6145601000,435423
5634500775,606043
7375300160,646354
9558050360,500226
4151800420,571302
3751600146,208598
5302400080,610230
357000005,799543
7283900306,445135
3738900105,323187
6822100305,554442
7436000205,452864
3295730040,626584
1526300015,427321
3294700101,220880
8864000970,228849
5469502700,452266
8078520310,268673
6154900130,339565
8945200830,200891
1085623630,376310
4013800131,235965
2287000010,710544
546000930,732532
4051100390,230656
7203100120,689779
7523850150,324917
3826000665,312334
1311800560,214526
2877102180,484226
3221059044,783297
9169600110,502595
9510920040,731949
8813400155,1165682
3896100130,998627
2568200740,770808
1217000340,319521
6430500086,481754
5634500234,500188
825049073,497798
2391601445,1017372
7881500330,439956
1721801591,171944
2473390710,312226
5634500891,349608
5515600163,480807
2560805630,249218
8078350280,647461
9477201060,381160
8827901350,822702
3560800040,402159
3034200370,545518
1328300040,357175
2483200010,608511
6071800480,443155
6200017,248787
8149600065,910394
3362400615,536250
7518502945,596305
8001210120,289609
8682280340,441391
3623500408,1856384
3764650070,481661
7937600380,427757
923000580,642236
217500005,426992
5419800510,250985
8562901250,521881
2212200100,297499
2310100240,372191
8582010240,608597
8651410670,171429
3330501645,323149
8113101232,320533
7849202190,341403
1864700300,330095
5231000060,304370
1565900070,234619
7555220140,737449
7518505160,553763
3322049005,849659
808300550,543620
66000265,370909
2880100675,426252
1524079156,436755
3625700010,1612054
3259400024,371691
3205000310,387186
807800190,276044
2783600210,464187
9290870040,804803
2561360120,411656
8857100180,430299
4388000070,225066
3860900003,1030606
1176001119,609477
6084600330,235095
7985000100,225581
8026200080,360937
3210600010,715670
7558300170,500059
7852180340,492582
524069011,626776
3361401011,180994
6117502455,262531
5602000025,208846
4142450490,303083
5306100255,385951
1795900120,585986
1193000280,849101
9238480120,587179
3630200780,934222
1250201130,445994
7796000095,1016500
8635760040,470847
9476700135,267556
5249804510,479298
40000553,265861
3204300625,897556
2596400050,398634
2724069103,364907
3744000040,436385
7525100590,390505
3705900292,428732
6169900790,2280126
8127700735,1335730
3761700067,1281064
6065300570,816518
4022902050,505017
3886902590,643409
4107100190,1808174
2909300150,717212
384000135,462595
1005000036,415235
8856970530,329201
3448900320,556287
6713700100,392445
2260300060,2267943
7273100026,707552
1277000020,838835
2620069113,297829
4166800080,332228
8731902680,253155
2599200830,222631
7569500010,730254
1825069031,658533
4443801495,629126
7805450110,735155
3345700207,659766
1560920450,679126
3629950010,443457
3782100035,295152
5561400340,793310
1898310110,251636
2122039094,581706
631000040,584613
293000145,445540
8121100015,364700
3205200430,404587
2475900565,361460
1651500040,2013555
3955900500,452041
7907600100,234211
3123039136,407254
3972900735,315177
1424059130,538404
6792200282,249190
910000104,290748
3751600784,343225
946000295,452232
7749500070,327093
255550070,371905
5151600340,287349
5415300060,626273
287000110,491162
7585000110,206605
8121200460,523459
6891100090,916969
7575600100,277518
4240400140,542534
4046500510,355609
2944010240,995953
3449820380,505153
7203102140,317652
8665900291,558213
1775930010,437382
1118001631,1471718
8911000445,348664
117000100,672046
9284800085,540749
2795000080,510489
123039207,405591
1312200080,226461
1236300290,1070271
7549800168,490300
6891100260,911733
6072000910,538349
3226049184,393193
1442880320,489202
23500190,595143
6021502070,522595
4168000110,192393
792000006,183009
9558200210,239459
3840700757,693854
3876311650,716280
1328320800,332427
5006000170,259644
7575600430,260137
7686202580,220979
2524069097,1387304
4292300024,373635
2726049071,391427
3526039019,758366
3300701365,453152
1274500170,208562
7282300095,293123
8562740440,752821
3761100045,2282645
2877104265,843378
7940710100,503107
6071000030,813957
6448000100,1428705
2923500230,2731896
6751300375,499059
7214810350,526428
1088800470,547125
7129300420,237077
6149700405,320936
9521100855,506631
1861400116,825669
2787460720,210934
6073240060,787052
291310100,430494
1247100035,1056125
2626069030,1511858
1326059085,572069
6447300265,3089136
8651401270,191488
3524039209,813016
3226069049,1144421
7548300425,459411
1438000360,491577
1777600900,771454
5244800695,540418
3387900390,247305
1954700615,1061624
1026049036,347336
1683500180,229317
1939130420,652550
2021200530,1190158
993002325,408566
2780900220,272189
2540800390,459550
2919700540,683519
2787250090,608160
8651442520,286051
100600860,192036
1437580480,954560
3886902505,719040
173000140,415542
5151800045,457852
3010300240,595946
2085200261,326234
1839500065,263121
1049010300,426600
1328340540,320571
8887001625,502221
5332200320,777122
7137960030,277439
5468780250,331729
2436200715,598028
5137800030,306488
1068000520,1242132
5379805121,385910
7445000105,435421
7942601895,799148
1727850350,1039123
9407150310,317535
5569620550,739403
3179100480,497702
3624039111,290960
7844200050,330433
3304040020,339458
7739100155,617229
6099400053,206537
7468900270,194188
396100025,351849
1160000255,386540
6300000320,373846
6392000570,392144
7387500235,370171
1121000058,469479
9828702120,599271
7715800310,471911
8562740370,741473
5637500070,444793
5561400470,620227
1189000205,429745
2412100025,447738
1073100065,338505
5160300020,549232
2770601677,566506
5104450070,430962
820079043,425395
751000190,389059
1823049179,433225
7430200060,1199710
3331000035,419642
1775910370,523207
3626039299,514066
1546600125,695326
3260810150,330965
6817800330,330256
414100045,430221
1326039061,353082
4055700030,959184
1225069038,1893914
2296700260,465098
2822049160,224585
3395300260,515790
5144000036,348786
809002290,799317
7334501410,316217
421049114,180464
2623069010,875230
1133000144,585037
705710290,350730
7313200120,646723
1269200150,270993
9264930970,313429
6819100020,1720876
5112800421,292808
7846700850,264964
7227501450,252663
5451210150,838899
4140900140,442091
3537900180,845309
7738500475,529200
3541600450,382104
5379800040,305078
6664900330,279385
6056100312,392710
7766200013,705598
8651720470,451897
5690500095,736349
5423010180,790165
3204300610,506163
3425059066,555808
7856660130,1201960
2954400520,1194131
2327000110,851974
9526600340,706264
7695500200,380511
7237501180,1209157
2008000550,270824
1123059126,507162
1775500371,728998
3459900230,1590820
2619950310,509870
1771100330,363020
1321059097,497423
2420069278,313769
3832050570,309848
7132300525,503179
8691410700,728849
7967000150,350654
1328300810,354338
711000110,1319484
9485951460,432853
1771000970,330721
2817100900,240277
6817800630,336889
3558900450,540926
7215400770,399233
4222000320,216891
2791500270,280016
424069018,742866
9547205180,692168
5631500947,570512
1425059193,1109710
567000775,469931
3904900610,513905
3649100346,453941
1624049228,577135
1559900080,365634
2919702040,723821
4013800206,208643
1025039292,1285304
2771604640,844623
7203600550,240219
1545802830,267027
3303910010,517807
8617000060,838730
7889600190,244833
3325069064,557580
6300000337,666225
1172000150,319019
3348401319,416049
4188000490,895643
7779200355,589859
8029900110,413882
4060000290,206728
9475710040,395890
798000535,249416
6415100410,453062
4299700095,336430
6117500955,406520
2421039075,216752
3362401935,540756
1545800205,273829
7645900235,725878
4141000060,1143250
9485800050,682842
2436700280,759881
7335400400,221778
9294300495,812531
6649300190,516587
7950303270,346273
2391601010,455055
8129700728,631582
7871500685,577211
1498304065,579193
3862710010,424453
9209900335,503832
952006857,375073
2322069168,521762
1775801090,414366
5700002165,558202
4029400080,425981
7796100080,774344
9279700150,1769374
3876200060,445284
2934800025,345968
9359100101,1185225
3330500335,327394
4027700466,397404
3204800430,463523
5415350770,610085
1443550020,520539
2810600022,355278
1238500281,524751
2591020140,462524
7137900960,236508
1328340630,297927
3529200190,341020
1624049291,839638
4083301120,640906
1873100060,723655
1773101159,310107
7214700350,516034
3856902250,568566
7169500130,518268
4038300010,397118
9578500810,437489
3345100184,386139
452001860,515478
7905200037,535583
9376301110,495995
873900240,315062
8682262400,410874
7227500910,193801
2392100090,522106
3221079050,414702
4307320280,377704
3211270170,586761
726059483,653627
424049043,1309057
6865200140,647942
1155640050,399183
4139430250,1273246
818500100,196385
7999600180,223340
4099501215,932009
4046700140,358212
8857600490,207182
8677900120,537515
5379805253,192755
9211510410,223682
2337000150,288191
1423049029,292223
4036800580,488339
3942900010,358067
3438502715,468337
7625702441,396884
3905100610,499092
2218000335,478336
3034200516,404388
8024200625,446015
8564500020,332103
9550202700,502250
7518508625,632436
1822350070,378144
8921000040,802196
6648150090,1589697
2402100675,676353
42000127,337457
5100401160,478548
7347600507,252702
1839910300,328720
1250201550,768908
9460000010,312729
3356402232,212750
6819100150,641140
8645501330,262996
1556200005,742448
40000228,180331
7300410010,336675
4299000030,366780
2629600016,577397
662310900,352277
1909600046,504662
7893207490,239503
2524049318,1731108
924069210,736919
1591600527,387638
98000060,1353236
6392002020,686191
2719100400,426319
8018600655,406499
2141500020,431227
3277801580,465419
7237500110,1129878
626100023,743587
4319200820,380925
1422029138,506475
9517200610,354915
7334600280,296341
8820902400,633914
8944600060,523773
100100050,323174
8074200100,230860
1836980240,800399
6648500440,310247
9530100225,708277
2883200875,671428
4218400175,1078782
1022069183,621487
6398000171,542461
5021900160,692762
8078410250,549612
7972602490,366959
1962200435,775989
7221400285,237322
273900030,242092
2708450020,477039
4083306616,426758
3034200435,597586
7855000550,1345261
871000155,603830
8024201714,560676
2625069038,1191231
2324800350,847536
5450900010,1379953
1822039225,592639
2460700700,293861
6679001060,313664
2422059111,353224
1250200345,328877
5589300370,339853
2021201000,1382411
4302200336,246524
1328330290,326335
3438500781,435280
5453700020,802514
123039147,460624
8691310070,834724
6450303785,355143
114100234,484108
9212900820,515746
4270600025,339853
7201600190,505695
521049227,1217133
6300500479,400811
1432600100,222653
1024000109,372739
1430800100,334230
9164100125,591178
1925069183,428159
7852160080,960920
5317100780,1209389
4083304835,563491
9478400080,811535
4463400195,236345
4232901525,530040
3845101070,675226
1843130980,306885
3810000480,289531
7137960440,287740
1231001115,372189
5101405340,488351
3723800409,658074
8651430370,204020
6135300010,266846
23520380,510369
2935400100,521730
6137500320,919741
7841300230,328255
3521069051,441663
2621400080,320427
5104530240,280674
2022069200,436230
5469501850,417204
9206950110,331947
3298300210,361790
2810600015,398729
7298050090,480269
7202290620,460451
3211290370,431510
1591600506,395531
2827100070,323996
2482410130,393687
4364200125,462210
6388910730,559947
7436500120,536853
1822059156,630818
9432750190,484533
2205700405,443569
6056111370,314974
3205500160,446418
6139100076,404523
723069135,446458
4123830070,326747
2472920740,421151
6134500220,649513
2734100395,307748
3574800090,496576
3126049107,586320
669000210,869469
1139000620,318650
3825311190,729814
7300400320,368523
9407150250,308091
3679400503,349673
641900050,458600
9169100130,561482
8091800140,363548
9547201155,513081
4154302045,309380
6638900265,677779
1423069063,476224
3335000025,457219
9269200650,274200
1781500180,352621
9211500520,216327
1853080150,887285
2767704756,475459
2206700295,441876
2557000380,282492
11520200,784832
3832710680,251927
2569500210,339703
5230300210,254814
6447300225,1251417
5035300325,1132082
7853301660,782773
5411800250,339158
7203210170,740045
4302200415,303645
7942100290,209531
3629860160,805099
1423069076,561018
525049085,561745
3306200230,237002
2193310300,445192
7978800621,252053
4027700632,467880
1761100190,229058
2749600245,584713
322069141,471687
1900000035,177780
3361400190,213549
1604602050,406688
9421500160,438444
7788400180,342037
1566100625,481049
3861500340,239349
2524069072,366330
3013300980,415924
4191500130,806150
9407150130,310904
3904902500,693025
9510900140,237433
3368900084,309297
3432501415,292201
4254000540,518077
2767603250,573200
2923501130,672912
9183703045,282509
5279100675,308372
3905080310,534027
2461900375,747715
3346300356,726508
1865000110,345520
9264930400,301424
3447000100,628279
2313900510,435696
7518507330,568910
9368700270,250292
1137400420,440714
2023069054,331375
2141320230,583611
9536601295,326255
2424400130,391286
5210200081,482680
4443800785,557157
7292700005,708467
9834201205,313247
3275800050,259038
6926700654,600621
7511000140,1506198
6821101895,679920
8964800695,1183009
6821100195,663185
1226059105,662017
2806300070,1176620
1720069029,353731
6384300020,437913
8928100125,638554
8562770720,568013
8650300130,966678
2126059172,441738
8812401450,931301
6646200280,652114
4021100045,537145
1155620190,401415
6061000010,396600
3362400472,374078
9558020240,475616
7309100270,545753
7137950210,326522
7849200635,258284
1311200460,266641
284000095,939508
1509700050,313111
3438503014,277274
9406450090,391673
5096300140,411894
8923600020,1512375
809001070,723041
2291400342,334417
644210020,1111886
6700390090,251140
5631500285,579448
104560120,294417
6413100311,343198
2558700090,525611
1471590060,727292
8914100170,514924
5652601035,514207
7852120140,711081
6163900952,381844
5215200050,906024
6352600490,806110
3912000020,612563
8830400135,256174
5467500040,466619
9406570300,423472
109200390,238278
2025770310,978734
1939120450,657511
7524900003,2788933
3755000120,354936
2473002850,538675
7625703945,409489
9477000190,419155
1727500230,427829
7011201087,488195
5561300750,488515
3969300030,211928
8097000330,330552
2025049064,720994
985001321,268421
1775500050,427385
8849300160,376041
2316400285,554112
2423020180,547206
7128300500,630615
9512501400,450153
7200179,194176
5490210670,535412
9527000330,664913
1972200326,534384
4151800195,613908
4046500320,353165
9834200885,452135
8161020050,550813
2891000750,214448
3426049031,1047821
7387500195,339841
6303400395,186751
638100015,357295
4107100204,1881011
537000255,239864
985001266,314538
1137410040,528658
7229900250,276955
3905100840,480275
8100400160,610260
1346300150,2842975
1443501020,221085
5490700035,390576
1954600050,430562
8122100690,408401
3663000070,501050
5101406375,511883
426059055,586628
9268850160,449367
8731800840,249049
3331001910,329413
7603100020,848896
809002705,576115
4364200075,276202
1113000430,178922
1176001117,593789
3320000212,379527
9286000150,1242418
301400830,260949
425059024,689244
8835350300,487733
7100000135,266850
7696600240,219032
9808640320,1312730
3764500180,599830
326049060,555000
4017110200,477937
7224500300,235407
1560930050,489212
726059395,527642
8964800890,1997278
4045500620,730268
8562710250,923034
1775800710,344582
9528102865,919817
8096000060,567745
1591000015,262221
2310000430,271177
3902300350,663942
4068300280,248437
8732130730,247292
6791100410,520523
7660100236,359523
2568200070,888022
7697870310,257520
8562901100,688160
4016800120,287354
7338200180,539813
6791400320,256539
616000200,412994
2917200675,417816
2926049086,653021
3621059048,422026
7987401095,773457
5589900590,446921
855700170,554225
4030500130,312429
1755700060,354921
2413900050,766677
2489200250,496152
420000085,238703
8106300820,483057
8651730580,477798
8106300090,434638
9842300095,417195
9477000280,409830
2877102495,443708
868001030,926373
8564860110,536537
6762700452,545200
3294700310,193622
7231501665,257262
7525900050,628774
7882600326,1597793
104550690,307855
3425059076,973611
8835770170,1343958
2581300010,1147956
844000180,264495
7888100240,239675
3845100670,445183
4027700812,501643
291310390,378545
9550200370,696712
2328800130,294207
2372800100,228802
2923039264,455402
9282801720,308584
9520900230,580371
985000955,248446
1099600090,214045
9211010320,527827
3825310820,812873
9545240180,585090
87000245,228586
5041300100,585616
3624039150,266689
1370804430,555760
722079056,447290
9126100815,510264
1770000490,319892
3995700250,361297
7214820400,417317
2473411130,336484
1824059079,938336
3080000030,620450
984200540,312238
524059063,1922055
9482700475,865978
8024200820,529349
8568700015,381738
1223089050,393012
2205500400,462300
1279300085,752736
7376300085,479676
322069020,464127
291310150,382553
724069059,1659698
5255200220,445460
1931300850,524290
4427100105,370925
2881700231,370777
8641500280,327065
5406500440,691893
8078390150,671644
8945300090,215880
8819901030,884369
3179100220,760724
2126079046,373275
2621750350,327402
4014400190,470654
7853420110,576399
2114700368,309101
3438501081,304733
6850700670,1050803
3352402272,264912
4157600150,835775
8151600941,329599
5160300030,569881
3820350120,325412
7338000800,188463
3359500110,870758
8016300240,630190
7203120050,801288
3322049201,267487
7231502505,213124
8106100105,2777266
3895100039,838145
1001200035,229271
2724201202,232840
4038100110,524037
8827900015,535169
2644900109,453365
302000375,219743
1604600095,426830
2600040160,642521
2129700525,365277
603000555,435900
4083302225,889775
7298000090,430813
2484700015,612264
8945100320,221299
5112800042,441361
8091411100,304050
7375100070,496379
7577700061,641431
7923700030,470040
4235400186,450431
1498303700,844135
3876312350,474394
3797001815,462427
868002015,1060703
597000550,483535
8956200530,387956
2207100165,472365
7942100180,215156
2468800040,348795
9842300036,331263
5700003985,1905298
2988000070,425042
8857320260,493874
2600040130,544897
6632900452,647190
7518505910,523294
1672000170,600372
2597800010,591159
8562790720,613319
4219401080,1634749
7000100711,868239
7954000125,577897
5700003640,2206834
5700000275,753090
4019301205,488766
8943600360,260155
2954400400,1315128
1321400060,279719
2255500123,640627
2781260070,375280
1313000220,795584
1125069153,1385848
8899000310,246906
4139450360,883496
5511600315,583408
3575302575,548207
3226049054,500457
274100090,364487
1545802080,239777
6669020500,319317
3307700405,534020
3760500407,1623202
7853270100,700533
9320350020,517974
7715800430,491607
6791400100,344814
7708000010,390610
1448800010,264285
1782500035,318547
3449500050,559047
2856100515,900311
1245000461,1154418
1219000043,361516
5409800110,418527
2680700010,683565
8143100350,363463
2597150270,268937
2966800010,342711
8854000010,603349
2207200635,399214
1722059222,309685
9358002305,325531
6392001950,487288
3630080070,425138
3797001702,1077189
8127700440,755556
1446400785,231138
5016002275,1163006
2818100060,1036385
6431000748,375285
7972600450,348669
8078570380,332993
7889601320,201857
1762600280,959928
3026059085,952043
3475000080,705390
1370802620,621902
5151600285,287342
2722049218,341990
7696300080,432670
4168100020,214952
1474000050,403287
2473480350,325358
1139600270,294788
6699940120,371587
7016100120,401471
6752510010,814046
7915100490,612380
984210170,318051
6159400030,432237
3013300968,350243
6404600006,221868
2770602170,425391
1922059401,219849
291300010,391865
3856905185,539552
7304300905,331727
3416600185,609292
1786810040,729854
4354700010,401456
3902100175,982056
4305600360,445814
3622069114,658848
4376700570,699016
6795100589,626060
3344500085,412663
2206500105,388729
8731900880,287976
1682000160,204245
5104200380,265339
1982201595,586355
795002190,225296
7228500375,637192
9412200280,440882
5071401000,1212481
597000566,355652
8151600101,204781
2028700265,545764
1670400090,216455
7851980100,1100076
5595900345,444474
4046700300,341577
4324210120,278589
2616800050,527877
1525079069,638204
9828201020,543250
2723069146,678102
9468200100,584386
2883200961,627272
1137300690,645259
2473100280,353856
723049448,217316
3066410810,692616
5700003280,1206741
9268200440,430648
4053200410,379480
1234000704,1351018
2473372170,428335
2523039239,243031
4324500490,215438
238000244,436159
1105000571,427108
1771000430,325699
666000142,744347
3389900800,428125
3578700017,618773
3629970190,751057
255450250,313105
1154100205,311816
3629890190,1015680
3905080870,533058
8155820110,289608
5135000170,830537
2464400435,723392
9482700080,661713
318900080,463147
9477001410,417983
825079019,734093
1471701200,530827
5606000120,869859
7853350220,595519
1776460110,493621
3904920980,675942
8087800430,641722
3298200320,400504
9122500080,305944
7893804845,333479
1370803730,717925
8001450170,284862
5561400260,670495
7308600010,796975
3524039060,370141
7300400150,323736
207700050,688465
5595900355,237760
2652500285,801890
6744701310,1617338
525069127,1155017
3334000050,372477
8682220390,756882
4038700380,609083
8073000265,390027
9521100960,994287
5634500688,690405
6813600440,436356
1072010350,496550
7853301700,660550
5141000571,306365
2013802060,499597
7852070210,1183391
1402970070,287496
2310040020,366222
646910560,252206
6647400090,439994
8682231110,517037
4376700330,532661
8069000075,795196
7147600220,211836
4142450330,277385
5101404698,472591
6154500070,907785
1592000640,590557
3756900027,686889
7203220130,950166
643300010,478641
8651720150,574578
4139400910,734392
5054800110,360208
8835200330,383169
7682200340,266943
7203600745,348969
1895000260,234692
7922750020,596132
5437200050,431235
8732160250,259905
1442870440,506441
1471700410,467996
3204800330,390793
1923000160,1085313
2719100013,463755
3814900380,382008
326049038,593076
1068000110,1073765
8835800010,1260716
1560920200,442934
1668500090,722333
2597530070,859892
1139000035,557893
8032700072,532264
7732300390,723078
5130000080,490943
9276200890,579979
342000036,557932
5126300060,502936
2331300505,761926
8651410090,190322
200800330,411872
7520000616,355598
7170200110,462909
3021059155,206203
3582900280,1301653
7340600845,230977
3905040060,520374
3224800120,299215
6021503740,508157
2570300130,526897
8121100395,551035
3356404198,288367
3630090050,713426
923000413,472728
9201300020,1584432
1777600210,604489
7738500731,2930212
686900010,1088270
7967000160,352883
3413700130,612552
7852190290,573813
1180007375,593248
3353404510,337156
7802900380,354722
8021700715,690646
3205100080,511318
4477000290,476367
1118001645,1495676
7979900806,323246
7228500415,732500
7212660640,321095
3826000735,199696
7714000250,440241
4400200057,673911
2487200279,742694
7140700690,290594
3304300080,556767
2887950110,251890
3760500222,869556
9269200786,397198
3734900110,233529
5045700400,545946
2140950130,442533
2612000200,359400
8563300085,384632
2425059173,710816
8091410930,286603
9422400035,718257
1112000100,865439
1323089056,389901
5015000596,980277
1535204165,513734
1438000430,463847
3222059130,540261
1982200330,611679
6624010010,235279
2303900035,3099587
259600620,511828
6072500490,512879
123039633,370161
8562780090,333612
5249802240,619220
6071200400,532598
826069002,372207
2625079030,715676
6742700210,1371344
9253900408,1714708
2560803085,222834
1237500540,331259
425069020,1024765
9185700440,2394951
8656300345,339979
4245400045,268027
9834201370,395230
7853300770,444205
9551201295,518002
898000220,227914
3834000720,356293
1245500690,699681
4083304190,655320
4178300080,748197
2960900045,634839
1446801030,262854
7855800910,827358
7853310150,637548
8732131090,280773
7967600285,447724
8651520510,580611
5379802650,250175
1425059174,482683
627300105,915687
3124089049,568583
1778350270,730922
8691500410,429084
9169600043,632410
100300500,323358
3221069054,773483
4443800385,568538
7922710450,900602
7880020030,602187
3288020050,333497
4136980090,938718
1687000240,283472
7812801785,242539
1126059144,610629
792500260,377208
3222049055,798127
8635750090,667199
2767601280,993325
5347200162,277937
7503800210,271614
3394100020,1148399
7663700783,404823
9454200030,416659
3791500050,355245
582000185,599887
3211230260,426215
323059103,349369
7297700055,341887
1545805460,248700
2341800195,302798
6648700150,287386
3860900035,1822075
1980200236,543550
1180002745,355554
3275890310,701577
6840701100,616525
8651402750,183892
1588600045,468676
2422029094,364099
1702901500,319857
3755100005,472048
3624039074,323590
7950302995,442954
5273200060,620061
8025700460,270816
280610020,894889
3333002450,330614
7379600240,503661
4058802300,354069
302000065,196982
9527000180,645139
3626039403,376452
9510900360,246302
2310040230,365302
7308900490,638514
2206900065,474213
324059161,983718
7345310100,247216
2422049107,342919
8146100095,786955
87000283,349129
7937600010,317080
2618300350,244127
224069102,484150
7129302095,259742
7352200025,953296
6163900333,323252
3528960020,758114
1687000220,289077
4141400030,567683
1822500160,341978
